,Wk,Day,Date,Time,Home,xG,Score,xG.1,Away,Attendance,Venue,Referee,Match Report,Notes
0,1.0,Fri,2023-08-11,19:30,Almería,1.4,0–2,2.1,Rayo Vallecano,14837.0,Power Horse Stadium,Alberola Rojas,Match Report,
1,1.0,Fri,2023-08-11,22:00,Sevilla,0.7,1–2,1.1,Valencia,34184.0,Estadio Ramón Sánchez Pizjuán,José Sánchez,Match Report,
2,1.0,Sat,2023-08-12,17:00,Real Sociedad,1.0,1–1,0.8,Girona,30848.0,Reale Arena,Francisco Hernández,Match Report,
3,1.0,Sat,2023-08-12,18:30,Las Palmas,0.9,1–1,1.6,Mallorca,24100.0,Estadio de Gran Canaria,Víctor García,Match Report,
4,1.0,Sat,2023-08-12,21:30,Athletic Club,0.4,0–2,0.9,Real Madrid,48927.0,San Mamés,Jesús Gil,Match Report,
5,1.0,Sun,2023-08-13,17:00,Celta Vigo,1.0,0–2,1.0,Osasuna,20269.0,Estadio Abanca Balaídos,Pablo González,Match Report,
6,1.0,Sun,2023-08-13,19:30,Villarreal,0.9,1–2,1.1,Betis,17825.0,Estadio de la Cerámica,Miguel Ángel Ortiz Arias,Match Report,
7,1.0,Sun,2023-08-13,21:30,Getafe,0.6,0–0,1.4,Barcelona,13410.0,Coliseum Alfonso Pérez,César Soto,Match Report,
8,1.0,Mon,2023-08-14,19:30,Cádiz,0.7,1–0,0.3,Alavés,19306.0,Estadio Nuevo Mirandilla,Isidro Díaz de Mera,Match Report,
9,1.0,Mon,2023-08-14,21:30,Atlético Madrid,2.4,3–1,0.9,Granada,56164.0,Estadio Cívitas Metropolitano,Juan Pulido,Match Report,
10,,,,,,,,,,,,,,
11,2.0,Fri,2023-08-18,19:30,Mallorca,0.4,0–1,1.8,Villarreal,17775.0,Estadi Mallorca Son Moix,Alberola Rojas,Match Report,
12,2.0,Fri,2023-08-18,21:30,Valencia,1.5,1–0,0.5,Las Palmas,41053.0,Estadio de Mestalla,Javier Villanueva,Match Report,
13,2.0,Sat,2023-08-19,17:00,Real Sociedad,0.7,1–1,1.0,Celta Vigo,30354.0,Reale Arena,Miguel Ángel Ortiz Arias,Match Report,
14,2.0,Sat,2023-08-19,19:30,Almería,1.3,1–3,2.0,Real Madrid,17561.0,Power Horse Stadium,José Sánchez,Match Report,
15,2.0,Sat,2023-08-19,21:30,Osasuna,1.3,0–2,1.5,Athletic Club,20704.0,Estadio El Sadar,José Luis Munuera,Match Report,
16,2.0,Sun,2023-08-20,19:00,Girona,1.4,3–0,0.7,Getafe,11784.0,Estadi Municipal de Montilivi,Jorge Figueroa,Match Report,
17,2.0,Sun,2023-08-20,19:30,Barcelona,3.4,2–0,1.1,Cádiz,39603.0,Estadi Olímpic Lluís Companys,Alejandro Muñíz,Match Report,
18,2.0,Sun,2023-08-20,21:30,Betis,0.7,0–0,0.5,Atlético Madrid,51782.0,Estadio Benito Villamarín,Ricardo de Burgos,Match Report,
19,2.0,Mon,2023-08-21,19:00,Alavés,1.8,4–3,0.6,Sevilla,15308.0,Estadio de Mendizorroza,Guillermo Cuadra,Match Report,
20,2.0,Mon,2023-08-21,21:30,Granada,1.2,0–2,2.1,Rayo Vallecano,17338.0,Estadio Nuevo Los Cármenes,Pablo González,Match Report,
21,,,,,,,,,,,,,,
22,3.0,Fri,2023-08-25,18:30,Las Palmas,0.9,0–0,1.0,Real Sociedad,25335.0,Estadio de Gran Canaria,Guillermo Cuadra,Match Report,
23,3.0,Fri,2023-08-25,21:30,Celta Vigo,1.2,0–1,1.4,Real Madrid,23057.0,Estadio Abanca Balaídos,Isidro Díaz de Mera,Match Report,
24,3.0,Sat,2023-08-26,19:00,Cádiz,1.6,1–1,0.3,Almería,18653.0,Estadio Nuevo Mirandilla,Víctor García,Match Report,
25,3.0,Sat,2023-08-26,19:30,Granada,1.4,3–2,2.6,Mallorca,16368.0,Estadio Nuevo Los Cármenes,Francisco Hernández,Match Report,
26,3.0,Sat,2023-08-26,21:30,Sevilla,1.7,1–2,1.7,Girona,29304.0,Estadio Ramón Sánchez Pizjuán,Jesús Gil,Match Report,
27,3.0,Sun,2023-08-27,17:30,Villarreal,1.9,3–4,3.1,Barcelona,21679.0,Estadio de la Cerámica,Alejandro Hernández,Match Report,
28,3.0,Sun,2023-08-27,19:30,Valencia,1.7,1–2,1.2,Osasuna,42474.0,Estadio de Mestalla,Juan Pulido,Match Report,
29,3.0,Sun,2023-08-27,21:30,Athletic Club,2.9,4–2,0.4,Betis,44340.0,San Mamés,César Soto,Match Report,
30,3.0,Mon,2023-08-28,19:30,Getafe,2.2,1–0,0.7,Alavés,11023.0,Coliseum Alfonso Pérez,Juan Martínez,Match Report,
31,3.0,Mon,2023-08-28,21:30,Rayo Vallecano,0.6,0–7,3.4,Atlético Madrid,13966.0,Estadio del Rayo Vallecano,José Luis Munuera,Match Report,
32,,,,,,,,,,,,,,
33,4.0,Fri,2023-09-01,19:30,Cádiz,2.1,3–1,0.3,Villarreal,18557.0,Estadio Nuevo Mirandilla,Juan Pulido,Match Report,
34,4.0,Fri,2023-09-01,22:00,Almería,3.0,2–3,1.5,Celta Vigo,14196.0,Power Horse Stadium,Ricardo de Burgos,Match Report,
35,4.0,Sat,2023-09-02,14:00,Real Sociedad,2.3,5–3,0.8,Granada,27808.0,Reale Arena,Javier Villanueva,Match Report,
36,4.0,Sat,2023-09-02,16:15,Real Madrid,2.8,2–1,0.4,Getafe,66747.0,Estadio Santiago Bernabéu,Mario Melero,Match Report,
37,4.0,Sat,2023-09-02,18:30,Alavés,1.3,1–0,0.8,Valencia,16641.0,Estadio de Mendizorroza,Pablo González,Match Report,
38,4.0,Sat,2023-09-02,21:00,Betis,1.0,1–0,1.5,Rayo Vallecano,50619.0,Estadio Benito Villamarín,Alejandro Muñíz,Match Report,
39,4.0,Sun,2023-09-03,14:00,Girona,1.0,1–0,1.1,Las Palmas,11619.0,Estadi Municipal de Montilivi,Mateo Busquets,Match Report,
40,4.0,Sun,2023-09-03,16:15,Mallorca,0.4,0–0,0.6,Athletic Club,17043.0,Estadi Mallorca Son Moix,Jorge Figueroa,Match Report,
41,4.0,Sun,2023-09-03,21:00,Osasuna,0.8,1–2,2.0,Barcelona,21966.0,Estadio El Sadar,Miguel Ángel Ortiz Arias,Match Report,
42,,,,,,,,,,,,,,
43,5.0,Fri,2023-09-15,21:00,Rayo Vallecano,2.6,2–0,0.7,Alavés,12116.0,Estadio del Rayo Vallecano,Víctor García,Match Report,
44,5.0,Sat,2023-09-16,14:00,Athletic Club,2.9,3–0,0.3,Cádiz,42881.0,San Mamés,Guillermo Cuadra,Match Report,
45,5.0,Sat,2023-09-16,16:15,Valencia,1.3,3–0,0.6,Atlético Madrid,45363.0,Estadio de Mestalla,Jesús Gil,Match Report,
46,5.0,Sat,2023-09-16,18:30,Celta Vigo,1.3,0–1,0.8,Mallorca,18693.0,Estadio Abanca Balaídos,José Luis Munuera,Match Report,
47,5.0,Sat,2023-09-16,21:00,Barcelona,2.4,5–0,0.8,Betis,45055.0,Estadi Olímpic Lluís Companys,José Sánchez,Match Report,
48,5.0,Sun,2023-09-17,14:00,Getafe,0.5,3–2,1.1,Osasuna,9808.0,Coliseum Alfonso Pérez,Alejandro Hernández,Match Report,
49,5.0,Sun,2023-09-17,16:15,Villarreal,0.9,2–1,1.5,Almería,18467.0,Estadio de la Cerámica,Francisco Hernández,Match Report,
50,5.0,Sun,2023-09-17,18:30,Sevilla,1.7,1–0,1.0,Las Palmas,40578.0,Estadio Ramón Sánchez Pizjuán,Juan Martínez,Match Report,
51,5.0,Sun,2023-09-17,21:00,Real Madrid,2.0,2–1,1.6,Real Sociedad,70092.0,Estadio Santiago Bernabéu,César Soto,Match Report,
52,5.0,Mon,2023-09-18,21:00,Granada,1.6,2–4,2.8,Girona,17323.0,Estadio Nuevo Los Cármenes,Isidro Díaz de Mera,Match Report,
53,,,,,,,,,,,,,,
54,6.0,Fri,2023-09-22,21:00,Alavés,1.1,0–2,1.7,Athletic Club,19421.0,Estadio de Mendizorroza,Alejandro Muñíz,Match Report,
55,6.0,Sat,2023-09-23,14:00,Girona,3.2,5–3,1.8,Mallorca,11511.0,Estadi Municipal de Montilivi,Pablo González,Match Report,
56,6.0,Sat,2023-09-23,16:15,Osasuna,1.4,0–0,0.8,Sevilla,19670.0,Estadio El Sadar,Javier Villanueva,Match Report,
57,6.0,Sat,2023-09-23,18:30,Barcelona,1.6,3–2,1.5,Celta Vigo,43272.0,Estadi Olímpic Lluís Companys,Mario Melero,Match Report,
58,6.0,Sat,2023-09-23,21:00,Almería,2.6,2–2,0.8,Valencia,14266.0,Power Horse Stadium,Mateo Busquets,Match Report,
59,6.0,Sun,2023-09-24,14:00,Real Sociedad,2.0,4–3,1.4,Getafe,29568.0,Reale Arena,Juan Pulido,Match Report,
60,6.0,Sun,2023-09-24,16:15,Rayo Vallecano,1.2,1–1,1.6,Villarreal,12865.0,Estadio del Rayo Vallecano,Jorge Figueroa,Match Report,
61,6.0,Sun,2023-09-24,17:30,Las Palmas,0.6,1–0,0.0,Granada,24848.0,Estadio de Gran Canaria,Ricardo de Burgos,Match Report,
62,6.0,Sun,2023-09-24,18:30,Betis,1.8,1–1,0.2,Cádiz,56087.0,Estadio Benito Villamarín,Miguel Ángel Ortiz Arias,Match Report,
63,6.0,Sun,2023-09-24,21:00,Atlético Madrid,1.4,3–1,1.0,Real Madrid,69082.0,Estadio Cívitas Metropolitano,Alberola Rojas,Match Report,
64,,,,,,,,,,,,,,
65,7.0,Tue,2023-09-26,19:00,Sevilla,2.2,5–1,1.8,Almería,35729.0,Estadio Ramón Sánchez Pizjuán,Guillermo Cuadra,Match Report,
66,7.0,Tue,2023-09-26,21:30,Mallorca,0.8,2–2,1.9,Barcelona,19939.0,Estadi Mallorca Son Moix,Alejandro Muñíz,Match Report,
67,7.0,Wed,2023-09-27,19:00,Athletic Club,0.7,2–2,1.4,Getafe,43091.0,San Mamés,Isidro Díaz de Mera,Match Report,
68,7.0,Wed,2023-09-27,19:00,Real Madrid,1.7,2–0,0.7,Las Palmas,65017.0,Estadio Santiago Bernabéu,José Luis Munuera,Match Report,
69,7.0,Wed,2023-09-27,19:00,Villarreal,1.8,1–2,2.1,Girona,17188.0,Estadio de la Cerámica,José Sánchez,Match Report,
70,7.0,Wed,2023-09-27,21:30,Cádiz,0.6,0–0,0.3,Rayo Vallecano,18505.0,Estadio Nuevo Mirandilla,Francisco Hernández,Match Report,
71,7.0,Wed,2023-09-27,21:30,Valencia,0.4,0–1,0.2,Real Sociedad,44200.0,Estadio de Mestalla,Alejandro Hernández,Match Report,
72,7.0,Thu,2023-09-28,19:00,Celta Vigo,0.6,1–1,2.6,Alavés,16852.0,Estadio Abanca Balaídos,César Soto,Match Report,
73,7.0,Thu,2023-09-28,19:00,Granada,1.8,1–1,0.9,Betis,18936.0,Estadio Nuevo Los Cármenes,Víctor García,Match Report,
74,7.0,Thu,2023-09-28,21:30,Osasuna,1.0,0–2,1.5,Atlético Madrid,20192.0,Estadio El Sadar,Juan Martínez,Match Report,
75,,,,,,,,,,,,,,
76,8.0,Fri,2023-09-29,21:00,Barcelona,2.4,1–0,1.1,Sevilla,41116.0,Estadi Olímpic Lluís Companys,Miguel Ángel Ortiz Arias,Match Report,
77,8.0,Sat,2023-09-30,14:00,Getafe,0.9,0–0,0.1,Villarreal,11255.0,Coliseum Alfonso Pérez,Mateo Busquets,Match Report,
78,8.0,Sat,2023-09-30,16:15,Rayo Vallecano,2.3,2–2,1.5,Mallorca,11991.0,Estadio del Rayo Vallecano,Mario Melero,Match Report,
79,8.0,Sat,2023-09-30,18:30,Girona,1.6,0–3,2.3,Real Madrid,14184.0,Estadi Municipal de Montilivi,Juan Pulido,Match Report,
80,8.0,Sat,2023-09-30,21:00,Real Sociedad,1.4,3–0,1.8,Athletic Club,38229.0,Reale Arena,Jesús Gil,Match Report,
81,8.0,Sun,2023-10-01,14:00,Almería,2.9,3–3,2.9,Granada,14264.0,Power Horse Stadium,Pablo González,Match Report,
82,8.0,Sun,2023-10-01,16:15,Alavés,1.5,0–2,1.1,Osasuna,19035.0,Estadio de Mendizorroza,Jorge Figueroa,Match Report,
83,8.0,Sun,2023-10-01,21:00,Atlético Madrid,2.7,3–2,0.8,Cádiz,53421.0,Estadio Cívitas Metropolitano,Javier Villanueva,Match Report,
84,8.0,Sun,2023-10-01,21:00,Betis,1.6,3–0,0.7,Valencia,50163.0,Estadio Benito Villamarín,Ricardo de Burgos,Match Report,
85,8.0,Mon,2023-10-02,20:00,Las Palmas,1.7,2–1,1.5,Celta Vigo,22472.0,Estadio de Gran Canaria,Alberola Rojas,Match Report,
86,,,,,,,,,,,,,,
87,9.0,Fri,2023-10-06,21:00,Athletic Club,1.9,3–0,0.1,Almería,43677.0,San Mamés,Víctor García,Match Report,
88,9.0,Sat,2023-10-07,14:00,Cádiz,0.4,0–1,1.2,Girona,16438.0,Estadio Nuevo Mirandilla,Juan Martínez,Match Report,
89,9.0,Sat,2023-10-07,16:15,Real Madrid,3.2,4–0,0.5,Osasuna,70864.0,Estadio Santiago Bernabéu,Guillermo Cuadra,Match Report,
90,9.0,Sat,2023-10-07,18:30,Mallorca,0.6,1–1,0.5,Valencia,17659.0,Estadi Mallorca Son Moix,Francisco Hernández,Match Report,
91,9.0,Sat,2023-10-07,21:00,Sevilla,1.0,2–2,1.0,Rayo Vallecano,35817.0,Estadio Ramón Sánchez Pizjuán,Isidro Díaz de Mera,Match Report,
92,9.0,Sun,2023-10-08,14:00,Villarreal,1.0,1–2,1.1,Las Palmas,16249.0,Estadio de la Cerámica,Alejandro Muñíz,Match Report,
93,9.0,Sun,2023-10-08,16:15,Atlético Madrid,2.2,2–1,1.2,Real Sociedad,65607.0,Estadio Cívitas Metropolitano,José Luis Munuera,Match Report,
94,9.0,Sun,2023-10-08,18:30,Alavés,1.3,1–1,0.9,Betis,18288.0,Estadio de Mendizorroza,Alejandro Hernández,Match Report,
95,9.0,Sun,2023-10-08,18:30,Celta Vigo,3.1,2–2,0.7,Getafe,17953.0,Estadio Abanca Balaídos,José Sánchez,Match Report,
96,9.0,Sun,2023-10-08,21:00,Granada,0.8,2–2,3.0,Barcelona,20354.0,Estadio Nuevo Los Cármenes,César Soto,Match Report,
97,,,,,,,,,,,,,,
98,10.0,Fri,2023-10-20,21:00,Osasuna,2.1,2–0,0.6,Granada,19739.0,Estadio El Sadar,Mateo Busquets,Match Report,
99,10.0,Sat,2023-10-21,14:00,Real Sociedad,1.3,1–0,1.9,Mallorca,31279.0,Reale Arena,Jorge Figueroa,Match Report,
100,10.0,Sat,2023-10-21,16:15,Getafe,1.5,1–1,1.1,Betis,13926.0,Coliseum Alfonso Pérez,César Soto,Match Report,
101,10.0,Sat,2023-10-21,18:30,Sevilla,1.5,1–1,1.6,Real Madrid,41212.0,Estadio Ramón Sánchez Pizjuán,Ricardo de Burgos,Match Report,
102,10.0,Sat,2023-10-21,21:00,Celta Vigo,0.9,0–3,1.8,Atlético Madrid,20282.0,Estadio Abanca Balaídos,Guillermo Cuadra,Match Report,
103,10.0,Sun,2023-10-22,13:00,Las Palmas,1.3,0–1,1.4,Rayo Vallecano,24548.0,Estadio de Gran Canaria,Javier Villanueva,Match Report,
104,10.0,Sun,2023-10-22,16:15,Girona,1.9,5–2,1.0,Almería,12884.0,Estadi Municipal de Montilivi,Miguel Ángel Ortiz Arias,Match Report,
105,10.0,Sun,2023-10-22,18:30,Villarreal,1.5,1–1,1.7,Alavés,17498.0,Estadio de la Cerámica,Jesús Gil,Match Report,
106,10.0,Sun,2023-10-22,21:00,Barcelona,1.3,1–0,0.4,Athletic Club,38194.0,Estadi Olímpic Lluís Companys,Juan Martínez,Match Report,
107,10.0,Mon,2023-10-23,21:00,Valencia,1.5,2–0,0.6,Cádiz,41647.0,Estadio de Mestalla,Pablo González,Match Report,
108,,,,,,,,,,,,,,
109,11.0,Fri,2023-10-27,21:00,Girona,0.6,1–0,0.2,Celta Vigo,12671.0,Estadi Municipal de Montilivi,Isidro Díaz de Mera,Match Report,
110,11.0,Sat,2023-10-28,14:00,Almería,0.3,1–2,0.9,Las Palmas,12132.0,Power Horse Stadium,Francisco Hernández,Match Report,
111,11.0,Sat,2023-10-28,16:15,Barcelona,1.5,1–2,1.1,Real Madrid,50112.0,Estadi Olímpic Lluís Companys,Jesús Gil,Match Report,
112,11.0,Sat,2023-10-28,18:30,Mallorca,0.9,0–0,0.2,Getafe,15310.0,Estadi Mallorca Son Moix,Pablo González,Match Report,
113,11.0,Sat,2023-10-28,21:00,Cádiz,1.1,2–2,1.2,Sevilla,18886.0,Estadio Nuevo Mirandilla,César Soto,Match Report,
114,11.0,Sun,2023-10-29,14:00,Betis,1.2,2–1,0.4,Osasuna,49123.0,Estadio Benito Villamarín,José Sánchez,Match Report,
115,11.0,Sun,2023-10-29,16:15,Rayo Vallecano,1.0,2–2,2.0,Real Sociedad,12790.0,Estadio del Rayo Vallecano,Mateo Busquets,Match Report,
116,11.0,Sun,2023-10-29,18:30,Athletic Club,1.9,2–2,1.9,Valencia,46563.0,San Mamés,Jorge Figueroa,Match Report,
117,11.0,Sun,2023-10-29,21:00,Atlético Madrid,1.3,2–1,0.5,Alavés,50009.0,Estadio Cívitas Metropolitano,Alejandro Muñíz,Match Report,
118,11.0,Mon,2023-10-30,21:00,Granada,2.1,2–3,1.6,Villarreal,16638.0,Estadio Nuevo Los Cármenes,Javier Villanueva,Match Report,
119,,,,,,,,,,,,,,
120,12.0,Fri,2023-11-03,20:00,Las Palmas,0.4,2–1,1.2,Atlético Madrid,30080.0,Estadio de Gran Canaria,Mario Melero,Match Report,
121,12.0,Sat,2023-11-04,14:00,Osasuna,1.4,2–4,2.2,Girona,20100.0,Estadio El Sadar,José Luis Munuera,Match Report,
122,12.0,Sat,2023-11-04,16:15,Betis,2.2,2–0,0.6,Mallorca,50909.0,Estadio Benito Villamarín,Miguel Ángel Ortiz Arias,Match Report,
123,12.0,Sat,2023-11-04,18:30,Celta Vigo,2.1,1–1,0.9,Sevilla,19023.0,Estadio Abanca Balaídos,Alejandro Hernández,Match Report,
124,12.0,Sat,2023-11-04,21:00,Real Sociedad,0.9,0–1,1.2,Barcelona,37555.0,Reale Arena,Alberola Rojas,Match Report,
125,12.0,Sun,2023-11-05,14:00,Alavés,2.4,1–0,0.5,Almería,16380.0,Estadio de Mendizorroza,Juan Pulido,Match Report,
126,12.0,Sun,2023-11-05,16:15,Valencia,1.2,1–0,0.5,Granada,44922.0,Estadio de Mestalla,Víctor García,Match Report,
127,12.0,Sun,2023-11-05,18:30,Villarreal,2.1,2–3,2.3,Athletic Club,18709.0,Estadio de la Cerámica,Guillermo Cuadra,Match Report,
128,12.0,Sun,2023-11-05,21:00,Real Madrid,2.2,0–0,0.1,Rayo Vallecano,70220.0,Estadio Santiago Bernabéu,Juan Martínez,Match Report,
129,12.0,Mon,2023-11-06,21:00,Getafe,1.2,1–0,0.5,Cádiz,9853.0,Coliseum Alfonso Pérez,Ricardo de Burgos,Match Report,
130,,,,,,,,,,,,,,
131,13.0,Fri,2023-11-10,21:00,Athletic Club,4.6,4–3,2.1,Celta Vigo,44435.0,San Mamés,Juan Pulido,Match Report,
132,13.0,Sat,2023-11-11,14:00,Rayo Vallecano,1.7,1–2,4.5,Girona,13177.0,Estadio del Rayo Vallecano,Pablo González,Match Report,
133,13.0,Sat,2023-11-11,16:15,Almería,0.4,1–3,2.4,Real Sociedad,13016.0,Power Horse Stadium,Isidro Díaz de Mera,Match Report,
134,13.0,Sat,2023-11-11,18:30,Osasuna,1.0,1–1,0.4,Las Palmas,20125.0,Estadio El Sadar,Jorge Figueroa,Match Report,
135,13.0,Sat,2023-11-11,18:30,Granada,1.7,1–1,2.3,Getafe,18103.0,Estadio Nuevo Los Cármenes,Alejandro Muñíz,Match Report,
136,13.0,Sat,2023-11-11,21:00,Real Madrid,1.7,5–1,1.7,Valencia,72475.0,Estadio Santiago Bernabéu,José Sánchez,Match Report,
137,13.0,Sun,2023-11-12,16:15,Barcelona,1.6,2–1,1.7,Alavés,38183.0,Estadi Olímpic Lluís Companys,Mateo Busquets,Match Report,
138,13.0,Sun,2023-11-12,18:30,Sevilla,0.7,1–1,1.8,Betis,42222.0,Estadio Ramón Sánchez Pizjuán,Jesús Gil,Match Report,
139,13.0,Sun,2023-11-12,21:00,Atlético Madrid,3.9,3–1,0.8,Villarreal,56632.0,Estadio Cívitas Metropolitano,Francisco Hernández,Match Report,
140,,,,,,,,,,,,,,
141,14.0,Fri,2023-11-24,21:00,Alavés,0.8,3–1,1.1,Granada,15705.0,Estadio de Mendizorroza,Alberola Rojas,Match Report,
142,14.0,Sat,2023-11-25,14:00,Rayo Vallecano,0.7,1–1,1.0,Barcelona,14148.0,Estadio del Rayo Vallecano,José Luis Munuera,Match Report,
143,14.0,Sat,2023-11-25,16:15,Valencia,0.5,0–0,0.8,Celta Vigo,43375.0,Estadio de Mestalla,César Soto,Match Report,
144,14.0,Sat,2023-11-25,18:30,Getafe,1.2,2–1,1.8,Almería,10906.0,Coliseum Alfonso Pérez,Alejandro Hernández,Match Report,
145,14.0,Sat,2023-11-25,21:00,Atlético Madrid,1.7,1–0,1.1,Mallorca,58119.0,Estadio Cívitas Metropolitano,Juan Martínez,Match Report,
146,14.0,Sun,2023-11-26,14:00,Villarreal,2.4,3–1,1.0,Osasuna,16389.0,Estadio de la Cerámica,Ricardo de Burgos,Match Report,
147,14.0,Sun,2023-11-26,16:15,Real Sociedad,0.7,2–1,0.6,Sevilla,33879.0,Reale Arena,Miguel Ángel Ortiz Arias,Match Report,
148,14.0,Sun,2023-11-26,18:30,Cádiz,1.2,0–3,1.6,Real Madrid,20325.0,Estadio Nuevo Mirandilla,Guillermo Cuadra,Match Report,
149,14.0,Sun,2023-11-26,21:00,Betis,1.4,1–0,0.6,Las Palmas,48132.0,Estadio Benito Villamarín,Víctor García,Match Report,
150,14.0,Mon,2023-11-27,21:00,Girona,1.3,1–1,1.5,Athletic Club,13123.0,Estadi Municipal de Montilivi,Mario Melero,Match Report,
151,,,,,,,,,,,,,,
152,13.0,Wed,2023-11-29,21:00,Mallorca,1.1,1–1,0.3,Cádiz,13821.0,Estadi Mallorca Son Moix,Javier Villanueva,Match Report,
153,,,,,,,,,,,,,,
154,15.0,Fri,2023-12-01,20:00,Las Palmas,1.5,2–0,0.9,Getafe,21912.0,Estadio de Gran Canaria,Mateo Busquets,Match Report,
155,15.0,Sat,2023-12-02,14:00,Girona,1.6,2–1,1.0,Valencia,13343.0,Estadi Municipal de Montilivi,Javier Villanueva,Match Report,
156,15.0,Sat,2023-12-02,16:15,Athletic Club,1.3,4–0,0.5,Rayo Vallecano,44689.0,San Mamés,Francisco Hernández,Match Report,
157,15.0,Sat,2023-12-02,18:30,Real Madrid,1.8,2–0,0.1,Granada,70685.0,Estadio Santiago Bernabéu,Pablo González,Match Report,
158,15.0,Sat,2023-12-02,21:00,Osasuna,0.7,1–1,1.7,Real Sociedad,20859.0,Estadio El Sadar,Juan Pulido,Match Report,
159,15.0,Sun,2023-12-03,14:00,Mallorca,0.8,0–0,0.3,Alavés,15090.0,Estadi Mallorca Son Moix,Jorge Figueroa,Match Report,
160,15.0,Sun,2023-12-03,16:15,Almería,2.4,0–0,0.5,Betis,14253.0,Power Horse Stadium,Alejandro Muñíz,Match Report,
161,15.0,Sun,2023-12-03,18:30,Sevilla,1.8,1–1,1.2,Villarreal,33898.0,Estadio Ramón Sánchez Pizjuán,Isidro Díaz de Mera,Match Report,
162,15.0,Sun,2023-12-03,21:00,Barcelona,2.6,1–0,0.6,Atlético Madrid,34568.0,Estadi Olímpic Lluís Companys,José Sánchez,Match Report,
163,15.0,Mon,2023-12-04,21:00,Celta Vigo,2.4,1–1,0.3,Cádiz,17302.0,Estadio Abanca Balaídos,Jesús Gil,Match Report,
164,,,,,,,,,,,,,,
165,16.0,Fri,2023-12-08,21:00,Getafe,0.7,1–0,0.1,Valencia,11515.0,Coliseum Alfonso Pérez,Guillermo Cuadra,Match Report,
166,16.0,Sat,2023-12-09,14:00,Alavés,1.9,0–1,0.4,Las Palmas,15971.0,Estadio de Mendizorroza,José Luis Munuera,Match Report,
167,16.0,Sat,2023-12-09,16:15,Betis,1.3,1–1,1.0,Real Madrid,52756.0,Estadio Benito Villamarín,César Soto,Match Report,
168,16.0,Sat,2023-12-09,18:30,Villarreal,2.2,0–3,1.5,Real Sociedad,19344.0,Estadio de la Cerámica,Mario Melero,Match Report,
169,16.0,Sat,2023-12-09,21:00,Mallorca,0.5,1–0,0.6,Sevilla,16041.0,Estadi Mallorca Son Moix,Alberola Rojas,Match Report,
170,16.0,Sun,2023-12-10,14:00,Atlético Madrid,2.2,2–1,1.3,Almería,55473.0,Estadio Cívitas Metropolitano,Ricardo de Burgos,Match Report,
171,16.0,Sun,2023-12-10,18:30,Cádiz,0.9,1–1,1.6,Osasuna,18356.0,Estadio Nuevo Mirandilla,Juan Martínez,Match Report,
172,16.0,Sun,2023-12-10,21:00,Barcelona,3.7,2–4,2.5,Girona,42848.0,Estadi Olímpic Lluís Companys,Isidro Díaz de Mera,Match Report,
173,16.0,Mon,2023-12-11,21:00,Granada,0.7,1–1,1.1,Athletic Club,12849.0,Estadio Nuevo Los Cármenes,Miguel Ángel Ortiz Arias,Match Report,
174,16.0,Mon,2023-12-11,21:00,Rayo Vallecano,1.2,0–0,0.1,Celta Vigo,11796.0,Estadio del Rayo Vallecano,Víctor García,Match Report,
175,,,,,,,,,,,,,,
176,17.0,Fri,2023-12-15,21:00,Osasuna,1.2,1–0,0.7,Rayo Vallecano,18586.0,Estadio El Sadar,Javier Villanueva,Match Report,
177,17.0,Sat,2023-12-16,14:00,Celta Vigo,1.4,1–0,0.5,Granada,18027.0,Estadio Abanca Balaídos,José Sánchez,Match Report,
178,17.0,Sat,2023-12-16,16:15,Athletic Club,2.4,2–0,0.4,Atlético Madrid,48781.0,San Mamés,Jesús Gil,Match Report,
179,17.0,Sat,2023-12-16,18:30,Sevilla,1.0,0–3,2.4,Getafe,30005.0,Estadio Ramón Sánchez Pizjuán,Juan Pulido,Match Report,
180,17.0,Sat,2023-12-16,21:00,Valencia,0.5,1–1,3.2,Barcelona,46492.0,Estadio de Mestalla,Miguel Ángel Ortiz Arias,Match Report,
181,17.0,Sun,2023-12-17,14:00,Almería,0.3,0–0,1.9,Mallorca,11936.0,Power Horse Stadium,Pablo González,Match Report,
182,17.0,Sun,2023-12-17,16:15,Real Sociedad,1.1,0–0,1.1,Betis,33172.0,Reale Arena,Mateo Busquets,Match Report,
183,17.0,Sun,2023-12-17,17:30,Las Palmas,0.7,1–1,1.6,Cádiz,25275.0,Estadio de Gran Canaria,Alejandro Muñíz,Match Report,
184,17.0,Sun,2023-12-17,21:00,Real Madrid,2.3,4–1,0.8,Villarreal,70500.0,Estadio Santiago Bernabéu,Jorge Figueroa,Match Report,
185,17.0,Mon,2023-12-18,21:00,Girona,1.7,3–0,0.7,Alavés,11812.0,Estadi Municipal de Montilivi,Francisco Hernández,Match Report,
186,,,,,,,,,,,,,,
187,18.0,Tue,2023-12-19,19:00,Rayo Vallecano,0.3,0–1,0.3,Valencia,12290.0,Estadio del Rayo Vallecano,Alberola Rojas,Match Report,
188,18.0,Tue,2023-12-19,21:30,Atlético Madrid,2.0,3–3,2.0,Getafe,46401.0,Estadio Cívitas Metropolitano,José Luis Munuera,Match Report,
189,18.0,Tue,2023-12-19,21:30,Granada,0.9,0–3,0.5,Sevilla,16534.0,Estadio Nuevo Los Cármenes,Mateo Busquets,Match Report,
190,18.0,Wed,2023-12-20,19:00,Barcelona,3.4,3–2,1.6,Almería,34471.0,Estadi Olímpic Lluís Companys,Guillermo Cuadra,Match Report,
191,18.0,Wed,2023-12-20,21:30,Athletic Club,3.4,1–0,0.3,Las Palmas,39471.0,San Mamés,Juan Martínez,Match Report,
192,18.0,Wed,2023-12-20,21:30,Villarreal,2.4,3–2,1.3,Celta Vigo,14687.0,Estadio de la Cerámica,César Soto,Match Report,
193,18.0,Thu,2023-12-21,19:00,Cádiz,1.0,0–0,0.5,Real Sociedad,17693.0,Estadio Nuevo Mirandilla,Javier Villanueva,Match Report,
194,18.0,Thu,2023-12-21,19:00,Betis,1.5,1–1,1.7,Girona,51394.0,Estadio Benito Villamarín,Ricardo de Burgos,Match Report,
195,18.0,Thu,2023-12-21,21:30,Alavés,0.6,0–1,0.6,Real Madrid,19275.0,Estadio de Mendizorroza,Isidro Díaz de Mera,Match Report,
196,18.0,Thu,2023-12-21,21:30,Mallorca,1.1,3–2,1.6,Osasuna,14192.0,Estadi Mallorca Son Moix,Mario Melero,Match Report,
197,,,,,,,,,,,,,,
198,4.0,Sat,2023-12-23,16:15,Atlético Madrid,0.9,1–0,0.3,Sevilla,64308.0,Estadio Cívitas Metropolitano,César Soto,Match Report,
199,,,,,,,,,,,,,,
200,19.0,Tue,2024-01-02,17:00,Getafe,0.4,0–2,1.9,Rayo Vallecano,11204.0,Estadio Cívitas Metropolitano,Jorge Figueroa,Match Report,
201,19.0,Tue,2024-01-02,19:15,Real Sociedad,1.2,1–1,1.0,Alavés,34051.0,Reale Arena,Víctor García,Match Report,
202,19.0,Tue,2024-01-02,21:30,Valencia,2.8,3–1,0.5,Villarreal,44973.0,Estadio de Mestalla,Jesús Gil,Match Report,
203,19.0,Wed,2024-01-03,17:00,Granada,3.0,2–0,0.8,Cádiz,17732.0,Estadio Nuevo Los Cármenes,Juan Pulido,Match Report,
204,19.0,Wed,2024-01-03,19:15,Real Madrid,1.7,1–0,0.6,Mallorca,72394.0,Estadio Santiago Bernabéu,Alejandro Muñíz,Match Report,
205,19.0,Wed,2024-01-03,19:15,Celta Vigo,2.7,2–1,1.4,Betis,21105.0,Estadio Abanca Balaídos,Miguel Ángel Ortiz Arias,Match Report,
206,19.0,Wed,2024-01-03,21:30,Girona,2.3,4–3,2.3,Atlético Madrid,13804.0,Estadi Municipal de Montilivi,Alejandro Hernández,Match Report,
207,19.0,Thu,2024-01-04,17:00,Osasuna,1.3,1–0,0.2,Almería,20391.0,Estadio El Sadar,César Soto,Match Report,
208,19.0,Thu,2024-01-04,19:15,Sevilla,0.7,0–2,1.3,Athletic Club,28366.0,Estadio Ramón Sánchez Pizjuán,José Sánchez,Match Report,
209,19.0,Thu,2024-01-04,20:30,Las Palmas,0.7,1–2,2.4,Barcelona,31712.0,Estadio de Gran Canaria,Pablo González,Match Report,
210,,,,,,,,,,,,,,
211,20.0,Fri,2024-01-12,21:00,Sevilla,2.2,2–3,2.0,Alavés,34225.0,Estadio Ramón Sánchez Pizjuán,Alejandro Hernández,Match Report,
212,20.0,Sat,2024-01-13,13:00,Las Palmas,0.8,3–0,2.0,Villarreal,24485.0,Estadio de Gran Canaria,Javier Villanueva,Match Report,
213,20.0,Sat,2024-01-13,16:15,Mallorca,1.8,1–1,0.6,Celta Vigo,21130.0,Estadi Mallorca Son Moix,Víctor García,Match Report,
214,20.0,Sat,2024-01-13,18:30,Athletic Club,1.6,2–1,1.1,Real Sociedad,51475.0,San Mamés,José Luis Munuera,Match Report,
215,20.0,Sat,2024-01-13,21:00,Betis,1.8,1–0,0.5,Granada,50197.0,Estadio Benito Villamarín,Guillermo Cuadra,Match Report,
216,20.0,Sun,2024-01-14,14:00,Almería,1.7,0–0,0.3,Girona,12111.0,Power Horse Stadium,Mateo Busquets,Match Report,
217,20.0,Sun,2024-01-14,16:15,Cádiz,1.1,1–4,1.9,Valencia,18622.0,Estadio Nuevo Mirandilla,Isidro Díaz de Mera,Match Report,
218,,,,,,,,,,,,,,
219,21.0,Fri,2024-01-19,21:00,Alavés,2.0,1–0,0.3,Cádiz,15838.0,Estadio de Mendizorroza,Alejandro Muñíz,Match Report,
220,21.0,Sat,2024-01-20,14:00,Rayo Vallecano,1.6,0–2,0.7,Las Palmas,12477.0,Estadio del Rayo Vallecano,Mario Melero,Match Report,
221,21.0,Sat,2024-01-20,16:15,Villarreal,1.9,1–1,0.4,Mallorca,16479.0,Estadio de la Cerámica,Miguel Ángel Ortiz Arias,Match Report,
222,21.0,Sat,2024-01-20,18:30,Valencia,0.9,1–0,0.5,Athletic Club,45344.0,Estadio de Mestalla,Juan Pulido,Match Report,
223,21.0,Sat,2024-01-20,21:00,Celta Vigo,0.3,0–1,0.8,Real Sociedad,20901.0,Estadio Abanca Balaídos,Jorge Figueroa,Match Report,
224,21.0,Sun,2024-01-21,14:00,Osasuna,1.2,3–2,1.4,Getafe,18811.0,Estadio El Sadar,José Sánchez,Match Report,
225,21.0,Sun,2024-01-21,16:15,Real Madrid,2.2,3–2,0.9,Almería,72044.0,Estadio Santiago Bernabéu,Francisco Hernández,Match Report,
226,21.0,Sun,2024-01-21,18:30,Betis,1.1,2–4,3.0,Barcelona,53288.0,Estadio Benito Villamarín,Jesús Gil,Match Report,
227,21.0,Sun,2024-01-21,21:00,Girona,2.3,5–1,0.7,Sevilla,13092.0,Estadi Municipal de Montilivi,Pablo González,Match Report,
228,21.0,Mon,2024-01-22,21:00,Granada,0.6,0–1,1.2,Atlético Madrid,18704.0,Estadio Nuevo Los Cármenes,Juan Martínez,Match Report,
229,,,,,,,,,,,,,,
230,22.0,Fri,2024-01-26,21:00,Almería,1.4,0–3,1.8,Alavés,13817.0,Power Horse Stadium,Miguel Ángel Ortiz Arias,Match Report,
231,22.0,Sat,2024-01-27,14:00,Real Sociedad,0.2,0–0,0.1,Rayo Vallecano,32528.0,Reale Arena,Alejandro Hernández,Match Report,
232,22.0,Sat,2024-01-27,15:15,Las Palmas,0.7,1–2,2.3,Real Madrid,32037.0,Estadio de Gran Canaria,César Soto,Match Report,
233,22.0,Sat,2024-01-27,18:30,Barcelona,2.2,3–5,2.1,Villarreal,46229.0,Estadi Olímpic Lluís Companys,José Luis Munuera,Match Report,
234,22.0,Sat,2024-01-27,21:00,Mallorca,1.5,0–1,0.4,Betis,20051.0,Estadi Mallorca Son Moix,Javier Villanueva,Match Report,
235,22.0,Sun,2024-01-28,14:00,Celta Vigo,0.6,0–1,0.9,Girona,20684.0,Estadio Abanca Balaídos,Mario Melero,Match Report,
236,22.0,Sun,2024-01-28,16:15,Cádiz,0.4,0–0,0.2,Athletic Club,18839.0,Estadio Nuevo Mirandilla,Mateo Busquets,Match Report,
237,22.0,Sun,2024-01-28,18:30,Sevilla,0.8,1–1,1.2,Osasuna,36640.0,Estadio Ramón Sánchez Pizjuán,Guillermo Cuadra,Match Report,
238,22.0,Sun,2024-01-28,21:00,Atlético Madrid,2.4,2–0,0.5,Valencia,59493.0,Estadio Cívitas Metropolitano,Ricardo de Burgos,Match Report,
239,22.0,Mon,2024-01-29,21:00,Getafe,1.3,2–0,1.9,Granada,10382.0,Coliseum Alfonso Pérez,Víctor García,Match Report,
240,,,,,,,,,,,,,,
241,20.0,Wed,2024-01-31,19:00,Barcelona,1.9,1–0,1.0,Osasuna,37888.0,Estadi Olímpic Lluís Companys,Jorge Figueroa,Match Report,
242,20.0,Wed,2024-01-31,21:00,Atlético Madrid,1.0,2–1,0.4,Rayo Vallecano,47003.0,Estadio Cívitas Metropolitano,César Soto,Match Report,
243,20.0,Thu,2024-02-01,21:00,Getafe,0.8,0–2,2.0,Real Madrid,15264.0,Coliseum Alfonso Pérez,Ricardo de Burgos,Match Report,
244,,,,,,,,,,,,,,
245,23.0,Fri,2024-02-02,21:00,Athletic Club,1.7,4–0,0.4,Mallorca,47061.0,San Mamés,Jorge Figueroa,Match Report,
246,23.0,Sat,2024-02-03,14:00,Valencia,1.4,2–1,1.9,Almería,42877.0,Estadio de Mestalla,Alejandro Muñíz,Match Report,
247,23.0,Sat,2024-02-03,16:15,Granada,0.1,1–1,1.0,Las Palmas,17941.0,Estadio Nuevo Los Cármenes,Mateo Busquets,Match Report,
248,23.0,Sat,2024-02-03,18:30,Alavés,1.0,1–3,1.2,Barcelona,19480.0,Estadio de Mendizorroza,Juan Martínez,Match Report,
249,23.0,Sat,2024-02-03,21:00,Girona,0.7,0–0,0.6,Real Sociedad,13755.0,Estadi Municipal de Montilivi,Jesús Gil,Match Report,
250,23.0,Sun,2024-02-04,14:00,Villarreal,1.2,0–0,0.7,Cádiz,17183.0,Estadio de la Cerámica,Pablo González,Match Report,
251,23.0,Sun,2024-02-04,16:15,Osasuna,1.1,0–3,1.1,Celta Vigo,20030.0,Estadio El Sadar,Alberola Rojas,Match Report,
252,23.0,Sun,2024-02-04,18:30,Betis,1.6,1–1,1.5,Getafe,53336.0,Estadio Benito Villamarín,Juan Pulido,Match Report,
253,23.0,Sun,2024-02-04,21:00,Real Madrid,1.9,1–1,1.1,Atlético Madrid,76732.0,Estadio Santiago Bernabéu,José Sánchez,Match Report,
254,23.0,Mon,2024-02-05,21:00,Rayo Vallecano,1.8,1–2,1.3,Sevilla,12546.0,Estadio del Rayo Vallecano,Francisco Hernández,Match Report,
255,,,,,,,,,,,,,,
256,24.0,Fri,2024-02-09,21:00,Cádiz,0.8,0–2,1.0,Betis,15346.0,Estadio Nuevo Mirandilla,Ricardo de Burgos,Match Report,
257,24.0,Sat,2024-02-10,14:00,Alavés,1.8,1–1,1.2,Villarreal,14523.0,Estadio de Mendizorroza,Mario Melero,Match Report,
258,24.0,Sat,2024-02-10,16:15,Real Sociedad,1.5,0–1,0.5,Osasuna,32905.0,Reale Arena,Isidro Díaz de Mera,Match Report,
259,24.0,Sat,2024-02-10,18:30,Real Madrid,3.2,4–0,0.3,Girona,76585.0,Estadio Santiago Bernabéu,Juan Martínez,Match Report,
260,24.0,Sat,2024-02-10,20:00,Las Palmas,1.3,2–0,0.5,Valencia,25633.0,Estadio de Gran Canaria,Guillermo Cuadra,Match Report,
261,24.0,Sun,2024-02-11,14:00,Getafe,2.1,3–2,1.2,Celta Vigo,11502.0,Coliseum Alfonso Pérez,Alejandro Hernández,Match Report,
262,24.0,Sun,2024-02-11,16:15,Mallorca,0.9,2–1,1.6,Rayo Vallecano,16735.0,Estadi Mallorca Son Moix,José Luis Munuera,Match Report,
263,24.0,Sun,2024-02-11,18:30,Sevilla,1.0,1–0,1.5,Atlético Madrid,31528.0,Estadio Ramón Sánchez Pizjuán,Javier Villanueva,Match Report,
264,24.0,Sun,2024-02-11,21:00,Barcelona,2.3,3–3,1.4,Granada,41901.0,Estadi Olímpic Lluís Companys,Miguel Ángel Ortiz Arias,Match Report,
265,24.0,Mon,2024-02-12,21:00,Almería,0.9,0–0,0.7,Athletic Club,12863.0,Power Horse Stadium,Víctor García,Match Report,
266,,,,,,,,,,,,,,
267,25.0,Fri,2024-02-16,21:00,Villarreal,1.2,1–1,0.8,Getafe,16869.0,Estadio de la Cerámica,Alberola Rojas,Match Report,
268,25.0,Sat,2024-02-17,14:00,Atlético Madrid,3.5,5–0,0.7,Las Palmas,61196.0,Estadio Cívitas Metropolitano,Jorge Figueroa,Match Report,
269,25.0,Sat,2024-02-17,16:15,Osasuna,2.0,2–0,0.5,Cádiz,19525.0,Estadio El Sadar,Francisco Hernández,Match Report,
270,25.0,Sat,2024-02-17,18:30,Celta Vigo,0.8,1–2,1.5,Barcelona,23096.0,Estadio Abanca Balaídos,Juan Pulido,Match Report,
271,25.0,Sat,2024-02-17,21:00,Valencia,1.0,0–0,0.0,Sevilla,44506.0,Estadio de Mestalla,César Soto,Match Report,
272,25.0,Sun,2024-02-18,14:00,Rayo Vallecano,1.1,1–1,1.1,Real Madrid,14354.0,Estadio del Rayo Vallecano,Alejandro Muñíz,Match Report,
273,25.0,Sun,2024-02-18,16:15,Granada,2.0,1–1,1.4,Almería,18756.0,Estadio Nuevo Los Cármenes,Jesús Gil,Match Report,
274,25.0,Sun,2024-02-18,18:30,Mallorca,0.1,1–2,1.1,Real Sociedad,18153.0,Estadi Mallorca Son Moix,Pablo González,Match Report,
275,25.0,Sun,2024-02-18,21:00,Betis,0.8,0–0,0.5,Alavés,43514.0,Estadio Benito Villamarín,Mateo Busquets,Match Report,
276,25.0,Mon,2024-02-19,21:00,Athletic Club,1.8,3–2,2.1,Girona,46220.0,San Mamés,José Sánchez,Match Report,
277,,,,,,,,,,,,,,
278,26.0,Fri,2024-02-23,21:00,Real Sociedad,1.5,1–3,1.0,Villarreal,30609.0,Reale Arena,Javier Villanueva,Match Report,
279,26.0,Sat,2024-02-24,16:15,Barcelona,3.1,4–0,0.5,Getafe,36803.0,Estadi Olímpic Lluís Companys,Alejandro Muñíz,Match Report,
280,26.0,Sat,2024-02-24,18:30,Alavés,0.5,1–1,2.2,Mallorca,16102.0,Estadio de Mendizorroza,Víctor García,Match Report,
281,26.0,Sat,2024-02-24,21:00,Almería,0.5,2–2,1.5,Atlético Madrid,14472.0,Power Horse Stadium,Alberola Rojas,Match Report,
282,26.0,Sun,2024-02-25,14:00,Cádiz,2.2,2–2,0.7,Celta Vigo,18123.0,Estadio Nuevo Mirandilla,Miguel Ángel Ortiz Arias,Match Report,
283,26.0,Sun,2024-02-25,16:15,Betis,1.2,3–1,0.2,Athletic Club,53537.0,Estadio Benito Villamarín,Guillermo Cuadra,Match Report,
284,26.0,Sun,2024-02-25,17:30,Las Palmas,0.7,1–1,0.7,Osasuna,25075.0,Estadio de Gran Canaria,José Luis Munuera,Match Report,
285,26.0,Sun,2024-02-25,21:00,Real Madrid,1.0,1–0,0.8,Sevilla,74969.0,Estadio Santiago Bernabéu,Isidro Díaz de Mera,Match Report,
286,26.0,Mon,2024-02-26,21:00,Girona,2.2,3–0,0.5,Rayo Vallecano,8923.0,Estadi Municipal de Montilivi,Ricardo de Burgos,Match Report,
287,,,,,,,,,,,,,,
288,27.0,Fri,2024-03-01,21:00,Celta Vigo,1.5,1–0,0.1,Almería,18005.0,Estadio Abanca Balaídos,José Sánchez,Match Report,
289,27.0,Sat,2024-03-02,14:00,Sevilla,2.0,3–2,1.5,Real Sociedad,35884.0,Estadio Ramón Sánchez Pizjuán,Mateo Busquets,Match Report,
290,27.0,Sat,2024-03-02,16:15,Rayo Vallecano,0.7,1–1,1.0,Cádiz,12272.0,Estadio del Rayo Vallecano,Alberola Rojas,Match Report,
291,27.0,Sat,2024-03-02,18:30,Getafe,2.3,3–3,1.6,Las Palmas,7623.0,Coliseum Alfonso Pérez,Pablo González,Match Report,
292,27.0,Sat,2024-03-02,21:00,Valencia,1.1,2–2,2.2,Real Madrid,47427.0,Estadio de Mestalla,Jesús Gil,Match Report,
293,27.0,Sun,2024-03-03,14:00,Villarreal,2.0,5–1,0.5,Granada,15896.0,Estadio de la Cerámica,Juan Pulido,Match Report,
294,27.0,Sun,2024-03-03,16:15,Atlético Madrid,3.0,2–1,0.6,Betis,61901.0,Estadio Cívitas Metropolitano,César Soto,Match Report,
295,27.0,Sun,2024-03-03,18:30,Mallorca,1.2,1–0,1.0,Girona,17769.0,Estadi Mallorca Son Moix,Francisco Hernández,Match Report,
296,27.0,Sun,2024-03-03,21:00,Athletic Club,0.4,0–0,0.7,Barcelona,50295.0,San Mamés,Alejandro Hernández,Match Report,
297,27.0,Mon,2024-03-04,21:00,Osasuna,1.0,1–0,1.0,Alavés,17215.0,Estadio El Sadar,Jorge Figueroa,Match Report,
298,,,,,,,,,,,,,,
299,28.0,Fri,2024-03-08,21:00,Barcelona,2.0,1–0,0.6,Mallorca,38225.0,Estadi Olímpic Lluís Companys,Javier Villanueva,Match Report,
300,28.0,Sat,2024-03-09,14:00,Valencia,0.8,1–0,1.3,Getafe,37961.0,Estadio de Mestalla,Juan Pulido,Match Report,
301,28.0,Sat,2024-03-09,16:15,Cádiz,1.1,2–0,0.9,Atlético Madrid,15917.0,Estadio Nuevo Mirandilla,Pablo González,Match Report,
302,28.0,Sat,2024-03-09,18:30,Granada,1.7,2–3,2.1,Real Sociedad,9214.0,Estadio Nuevo Los Cármenes,Juan Martínez,Match Report,
303,28.0,Sat,2024-03-09,21:00,Girona,1.9,2–0,0.2,Osasuna,11598.0,Estadi Municipal de Montilivi,Mateo Busquets,Match Report,
304,28.0,Sun,2024-03-10,14:00,Alavés,0.6,1–0,0.6,Rayo Vallecano,16519.0,Estadio de Mendizorroza,José Luis Munuera,Match Report,
305,28.0,Sun,2024-03-10,15:15,Las Palmas,1.2,0–2,1.1,Athletic Club,27316.0,Estadio de Gran Canaria,Miguel Ángel Ortiz Arias,Match Report,
306,28.0,Sun,2024-03-10,18:30,Real Madrid,3.4,4–0,0.8,Celta Vigo,73644.0,Estadio Santiago Bernabéu,Mario Melero,Match Report,
307,28.0,Sun,2024-03-10,21:00,Betis,1.0,2–3,1.4,Villarreal,47711.0,Estadio Benito Villamarín,Alejandro Hernández,Match Report,
308,28.0,Mon,2024-03-11,21:00,Almería,2.0,2–2,2.4,Sevilla,13095.0,Power Horse Stadium,Ricardo de Burgos,Match Report,
309,,,,,,,,,,,,,,
310,29.0,Fri,2024-03-15,21:00,Real Sociedad,1.9,2–0,0.8,Cádiz,31000.0,Reale Arena,César Soto,Match Report,
311,29.0,Sat,2024-03-16,14:00,Mallorca,1.6,1–0,0.4,Granada,16477.0,Estadi Mallorca Son Moix,Ricardo de Burgos,Match Report,
312,29.0,Sat,2024-03-16,16:15,Osasuna,0.7,2–4,2.9,Real Madrid,22430.0,Estadio El Sadar,Juan Martínez,Match Report,
313,29.0,Sat,2024-03-16,18:30,Getafe,1.2,1–0,1.8,Girona,12912.0,Coliseum Alfonso Pérez,José Luis Munuera,Match Report,
314,29.0,Sat,2024-03-16,21:00,Athletic Club,1.7,2–0,1.3,Alavés,48257.0,San Mamés,Alejandro Muñíz,Match Report,
315,29.0,Sun,2024-03-17,14:00,Sevilla,1.7,1–2,1.6,Celta Vigo,36544.0,Estadio Ramón Sánchez Pizjuán,Francisco Hernández,Match Report,
316,29.0,Sun,2024-03-17,15:15,Las Palmas,0.9,0–1,0.8,Almería,22865.0,Estadio de Gran Canaria,Víctor García,Match Report,
317,29.0,Sun,2024-03-17,16:15,Villarreal,2.0,1–0,1.1,Valencia,20647.0,Estadio de la Cerámica,Jorge Figueroa,Match Report,
318,29.0,Sun,2024-03-17,18:30,Rayo Vallecano,0.7,2–0,0.8,Betis,13264.0,Estadio del Rayo Vallecano,Juan Pulido,Match Report,
319,29.0,Sun,2024-03-17,21:00,Atlético Madrid,0.8,0–3,1.5,Barcelona,68253.0,Estadio Cívitas Metropolitano,José Sánchez,Match Report,
320,,,,,,,,,,,,,,
321,30.0,Fri,2024-03-29,21:00,Cádiz,1.6,1–0,0.5,Granada,15422.0,Estadio Nuevo Mirandilla,Guillermo Cuadra,Match Report,
322,30.0,Sat,2024-03-30,14:00,Getafe,1.6,0–1,0.8,Sevilla,10139.0,Coliseum Alfonso Pérez,Javier Villanueva,Match Report,
323,30.0,Sat,2024-03-30,16:15,Almería,0.8,0–3,1.0,Osasuna,10565.0,Power Horse Stadium,Pablo González,Match Report,
324,30.0,Sat,2024-03-30,18:30,Valencia,1.5,0–0,0.9,Mallorca,42567.0,Estadio de Mestalla,Miguel Ángel Ortiz Arias,Match Report,
325,30.0,Sat,2024-03-30,21:00,Barcelona,1.7,1–0,0.3,Las Palmas,46788.0,Estadi Olímpic Lluís Companys,Mateo Busquets,Match Report,
326,30.0,Sun,2024-03-31,14:00,Celta Vigo,0.8,0–0,0.6,Rayo Vallecano,21505.0,Estadio Abanca Balaídos,Alejandro Hernández,Match Report,
327,30.0,Sun,2024-03-31,16:15,Girona,2.6,3–2,0.5,Betis,12774.0,Estadi Municipal de Montilivi,Jesús Gil,Match Report,
328,30.0,Sun,2024-03-31,18:30,Alavés,0.3,0–1,0.9,Real Sociedad,18575.0,Estadio de Mendizorroza,Francisco Hernández,Match Report,
329,30.0,Sun,2024-03-31,21:00,Real Madrid,1.1,2–0,0.3,Athletic Club,72991.0,Estadio Santiago Bernabéu,Alberola Rojas,Match Report,
330,30.0,Mon,2024-04-01,21:00,Villarreal,0.8,1–2,1.3,Atlético Madrid,19679.0,Estadio de la Cerámica,Mario Melero,Match Report,
331,,,,,,,,,,,,,,
332,26.0,Thu,2024-04-04,20:00,Granada,0.6,0–1,0.4,Valencia,15107.0,Estadio Nuevo Los Cármenes,Alejandro Hernández,Match Report,
333,,,,,,,,,,,,,,
334,31.0,Fri,2024-04-12,21:00,Betis,1.2,2–1,1.6,Celta Vigo,48938.0,Estadio Benito Villamarín,Juan Martínez,Match Report,
335,31.0,Sat,2024-04-13,14:00,Atlético Madrid,2.3,3–1,2.4,Girona,64214.0,Estadio Cívitas Metropolitano,Ricardo de Burgos,Match Report,
336,31.0,Sat,2024-04-13,16:15,Rayo Vallecano,1.0,0–0,0.3,Getafe,12868.0,Estadio del Rayo Vallecano,Jorge Figueroa,Match Report,
337,31.0,Sat,2024-04-13,18:30,Mallorca,0.6,0–1,1.5,Real Madrid,23244.0,Estadi Mallorca Son Moix,José Sánchez,Match Report,
338,31.0,Sat,2024-04-13,21:00,Cádiz,1.0,0–1,0.9,Barcelona,19607.0,Estadio Nuevo Mirandilla,Juan Pulido,Match Report,
339,31.0,Sun,2024-04-14,13:00,Las Palmas,0.1,0–2,2.1,Sevilla,23698.0,Estadio de Gran Canaria,Alejandro Muñíz,Match Report,
340,31.0,Sun,2024-04-14,16:15,Granada,1.3,2–0,0.3,Alavés,13398.0,Estadio Nuevo Los Cármenes,Víctor García,Match Report,
341,31.0,Sun,2024-04-14,18:30,Athletic Club,0.7,1–1,2.1,Villarreal,50061.0,San Mamés,Guillermo Cuadra,Match Report,
342,31.0,Sun,2024-04-14,21:00,Real Sociedad,1.5,2–2,1.6,Almería,26520.0,Reale Arena,Isidro Díaz de Mera,Match Report,
343,31.0,Mon,2024-04-15,21:00,Osasuna,1.9,0–1,0.2,Valencia,19480.0,Estadio El Sadar,José Luis Munuera,Match Report,
344,,,,,,,,,,,,,,
345,32.0,Fri,2024-04-19,21:00,Athletic Club,1.5,1–1,0.2,Granada,45917.0,San Mamés,Javier Villanueva,Match Report,
346,32.0,Sat,2024-04-20,14:00,Celta Vigo,4.0,4–1,1.0,Las Palmas,21256.0,Estadio Abanca Balaídos,Francisco Hernández,Match Report,
347,32.0,Sat,2024-04-20,16:15,Rayo Vallecano,0.5,2–1,0.5,Osasuna,12617.0,Estadio del Rayo Vallecano,Mario Melero,Match Report,
348,32.0,Sat,2024-04-20,18:30,Valencia,1.1,1–2,1.3,Betis,46371.0,Estadio de Mestalla,Mateo Busquets,Match Report,
349,32.0,Sat,2024-04-20,21:00,Girona,2.1,4–1,1.6,Cádiz,12665.0,Estadi Municipal de Montilivi,Alberola Rojas,Match Report,
350,32.0,Sun,2024-04-21,14:00,Getafe,0.5,1–1,1.2,Real Sociedad,12228.0,Coliseum Alfonso Pérez,Víctor García,Match Report,
351,32.0,Sun,2024-04-21,16:15,Almería,1.8,1–2,1.6,Villarreal,10601.0,Power Horse Stadium,Miguel Ángel Ortiz Arias,Match Report,
352,32.0,Sun,2024-04-21,18:30,Alavés,0.4,2–0,0.9,Atlético Madrid,18719.0,Estadio de Mendizorroza,Jesús Gil,Match Report,
353,32.0,Sun,2024-04-21,21:00,Real Madrid,2.3,3–2,1.4,Barcelona,77981.0,Estadio Santiago Bernabéu,César Soto,Match Report,
354,32.0,Mon,2024-04-22,21:00,Sevilla,1.1,2–1,0.7,Mallorca,35203.0,Estadio Ramón Sánchez Pizjuán,Alejandro Hernández,Match Report,
355,,,,,,,,,,,,,,
356,33.0,Fri,2024-04-26,21:00,Real Sociedad,0.6,0–1,0.4,Real Madrid,37109.0,Reale Arena,José Luis Munuera,Match Report,
357,33.0,Sat,2024-04-27,13:00,Las Palmas,1.6,0–2,1.9,Girona,18734.0,Estadio de Gran Canaria,Jorge Figueroa,Match Report,
358,33.0,Sat,2024-04-27,16:15,Almería,2.4,1–3,1.7,Getafe,7874.0,Power Horse Stadium,Guillermo Cuadra,Match Report,
359,33.0,Sat,2024-04-27,18:30,Alavés,2.3,3–0,0.2,Celta Vigo,18039.0,Estadio de Mendizorroza,Juan Pulido,Match Report,
360,33.0,Sat,2024-04-27,21:00,Atlético Madrid,0.8,3–1,1.0,Athletic Club,64612.0,Estadio Cívitas Metropolitano,Juan Martínez,Match Report,
361,33.0,Sun,2024-04-28,14:00,Cádiz,0.4,1–1,0.9,Mallorca,18174.0,Estadio Nuevo Mirandilla,Isidro Díaz de Mera,Match Report,
362,33.0,Sun,2024-04-28,16:15,Granada,2.6,3–0,0.8,Osasuna,13825.0,Estadio Nuevo Los Cármenes,Alejandro Muñíz,Match Report,
363,33.0,Sun,2024-04-28,18:30,Villarreal,1.4,3–0,1.0,Rayo Vallecano,17869.0,Estadio de la Cerámica,Pablo González,Match Report,
364,33.0,Sun,2024-04-28,21:00,Betis,1.8,1–1,1.4,Sevilla,55770.0,Estadio Benito Villamarín,José Sánchez,Match Report,
365,33.0,Mon,2024-04-29,21:00,Barcelona,2.2,4–2,2.1,Valencia,30167.0,Estadi Olímpic Lluís Companys,Ricardo de Burgos,Match Report,
366,,,,,,,,,,,,,,
367,34.0,Fri,2024-05-03,21:00,Getafe,4.5,0–2,0.6,Athletic Club,12149.0,Coliseum Alfonso Pérez,Jesús Gil,Match Report,
368,34.0,Sat,2024-05-04,14:00,Real Sociedad,0.6,2–0,0.5,Las Palmas,29330.0,Reale Arena,Miguel Ángel Ortiz Arias,Match Report,
369,34.0,Sat,2024-05-04,16:15,Real Madrid,2.3,3–0,0.9,Cádiz,72654.0,Estadio Santiago Bernabéu,Javier Villanueva,Match Report,
370,34.0,Sat,2024-05-04,18:30,Girona,1.8,4–2,2.6,Barcelona,14090.0,Estadi Municipal de Montilivi,Alejandro Hernández,Match Report,
371,34.0,Sat,2024-05-04,21:00,Mallorca,0.2,0–1,0.7,Atlético Madrid,20519.0,Estadi Mallorca Son Moix,Alberola Rojas,Match Report,
372,34.0,Sun,2024-05-05,14:00,Osasuna,0.8,0–2,1.1,Betis,18300.0,Estadio El Sadar,Víctor García,Match Report,
373,34.0,Sun,2024-05-05,16:15,Celta Vigo,3.9,3–2,0.6,Villarreal,19548.0,Estadio Abanca Balaídos,César Soto,Match Report,
374,34.0,Sun,2024-05-05,18:30,Valencia,0.9,0–1,0.8,Alavés,44643.0,Estadio de Mestalla,Mario Melero,Match Report,
375,34.0,Sun,2024-05-05,21:00,Rayo Vallecano,1.4,0–1,0.4,Almería,10864.0,Estadio del Rayo Vallecano,Francisco Hernández,Match Report,
376,34.0,Sun,2024-05-05,21:00,Sevilla,1.7,3–0,0.4,Granada,32658.0,Estadio Ramón Sánchez Pizjuán,Mateo Busquets,Match Report,
377,,,,,,,,,,,,,,
378,35.0,Fri,2024-05-10,21:00,Alavés,,,,Girona,,Estadio de Mendizorroza,,Head-to-Head,
379,35.0,Sat,2024-05-11,14:00,Mallorca,,,,Las Palmas,,Estadi Mallorca Son Moix,,Head-to-Head,
380,35.0,Sat,2024-05-11,16:15,Villarreal,,,,Sevilla,,Estadio de la Cerámica,,Head-to-Head,
381,35.0,Sat,2024-05-11,18:30,Granada,,,,Real Madrid,,Estadio Nuevo Los Cármenes,,Head-to-Head,
382,35.0,Sat,2024-05-11,21:00,Athletic Club,,,,Osasuna,,San Mamés,,Head-to-Head,
383,35.0,Sun,2024-05-12,14:00,Cádiz,,,,Getafe,,Estadio Nuevo Mirandilla,,Head-to-Head,
384,35.0,Sun,2024-05-12,16:15,Atlético Madrid,,,,Celta Vigo,,Estadio Cívitas Metropolitano,,Head-to-Head,
385,35.0,Sun,2024-05-12,18:30,Valencia,,,,Rayo Vallecano,,Estadio de Mestalla,,Head-to-Head,
386,35.0,Sun,2024-05-12,21:00,Betis,,,,Almería,,Estadio Benito Villamarín,,Head-to-Head,
387,35.0,Mon,2024-05-13,21:00,Barcelona,,,,Real Sociedad,,Estadi Olímpic Lluís Companys,,Head-to-Head,
388,,,,,,,,,,,,,,
389,36.0,Tue,2024-05-14,19:30,Osasuna,,,,Mallorca,,Estadio El Sadar,,Head-to-Head,
390,36.0,Tue,2024-05-14,21:30,Real Madrid,,,,Alavés,,Estadio Santiago Bernabéu,,Head-to-Head,
391,36.0,Tue,2024-05-14,22:00,Girona,,,,Villarreal,,Estadi Municipal de Montilivi,,Head-to-Head,
392,36.0,Wed,2024-05-15,19:30,Rayo Vallecano,,,,Granada,,Estadio del Rayo Vallecano,,Head-to-Head,
393,36.0,Wed,2024-05-15,19:30,Sevilla,,,,Cádiz,,Estadio Ramón Sánchez Pizjuán,,Head-to-Head,
394,36.0,Wed,2024-05-15,22:00,Celta Vigo,,,,Athletic Club,,Estadio Abanca Balaídos,,Head-to-Head,
395,36.0,Wed,2024-05-15,22:00,Getafe,,,,Atlético Madrid,,Coliseum Alfonso Pérez,,Head-to-Head,
396,36.0,Thu,2024-05-16,18:30,Las Palmas,,,,Betis,,Estadio de Gran Canaria,,Head-to-Head,
397,36.0,Thu,2024-05-16,21:30,Almería,,,,Barcelona,,Power Horse Stadium,,Head-to-Head,
398,36.0,Thu,2024-05-16,22:00,Real Sociedad,,,,Valencia,,Reale Arena,,Head-to-Head,
399,,,,,,,,,,,,,,
400,37.0,Sun,2024-05-19,19:00,Atlético Madrid,,,,Osasuna,,Estadio Cívitas Metropolitano,,Head-to-Head,
401,37.0,Sun,2024-05-19,19:00,Athletic Club,,,,Sevilla,,San Mamés,,Head-to-Head,
402,37.0,Sun,2024-05-19,19:00,Betis,,,,Real Sociedad,,Estadio Benito Villamarín,,Head-to-Head,
403,37.0,Sun,2024-05-19,19:00,Alavés,,,,Getafe,,Estadio de Mendizorroza,,Head-to-Head,
404,37.0,Sun,2024-05-19,19:00,Barcelona,,,,Rayo Vallecano,,Estadi Olímpic Lluís Companys,,Head-to-Head,
405,37.0,Sun,2024-05-19,19:00,Mallorca,,,,Almería,,Estadi Mallorca Son Moix,,Head-to-Head,
406,37.0,Sun,2024-05-19,19:00,Granada,,,,Celta Vigo,,Estadio Nuevo Los Cármenes,,Head-to-Head,
407,37.0,Sun,2024-05-19,19:00,Valencia,,,,Girona,,Estadio de Mestalla,,Head-to-Head,
408,37.0,Sun,2024-05-19,19:00,Cádiz,,,,Las Palmas,,Estadio Nuevo Mirandilla,,Head-to-Head,
409,37.0,Sun,2024-05-19,19:00,Villarreal,,,,Real Madrid,,Estadio de la Cerámica,,Head-to-Head,
410,,,,,,,,,,,,,,
411,38.0,Sun,2024-05-26,,Girona,,,,Granada,,Estadi Municipal de Montilivi,,Head-to-Head,
412,38.0,Sun,2024-05-26,,Almería,,,,Cádiz,,Power Horse Stadium,,Head-to-Head,
413,38.0,Sun,2024-05-26,,Getafe,,,,Mallorca,,Coliseum Alfonso Pérez,,Head-to-Head,
414,38.0,Sun,2024-05-26,,Rayo Vallecano,,,,Athletic Club,,Estadio del Rayo Vallecano,,Head-to-Head,
415,38.0,Sun,2024-05-26,,Real Madrid,,,,Betis,,Estadio Santiago Bernabéu,,Head-to-Head,
416,38.0,Sun,2024-05-26,,Real Sociedad,,,,Atlético Madrid,,Reale Arena,,Head-to-Head,
417,38.0,Sun,2024-05-26,,Las Palmas,,,,Alavés,,Estadio de Gran Canaria,,Head-to-Head,
418,38.0,Sun,2024-05-26,,Sevilla,,,,Barcelona,,Estadio Ramón Sánchez Pizjuán,,Head-to-Head,
419,38.0,Sun,2024-05-26,,Osasuna,,,,Villarreal,,Estadio El Sadar,,Head-to-Head,
420,38.0,Sun,2024-05-26,,Celta Vigo,,,,Valencia,,Estadio Abanca Balaídos,,Head-to-Head,
